calendarYear,jieId,instantUtc,instantKst
1970,lichun,1970-02-04T13:45:42.000Z,1970-02-04T22:45:42+09:00
1970,jingzhe,1970-03-06T07:58:26.999Z,1970-03-06T16:58:26+09:00
1970,qingming,1970-04-05T13:01:43.999Z,1970-04-05T22:01:43+09:00
1970,lixia,1970-05-06T06:33:46.999Z,1970-05-06T15:33:46+09:00
1970,mangzhong,1970-06-06T10:52:13.000Z,1970-06-06T19:52:13+09:00
1970,xiaoshu,1970-07-07T21:10:30.999Z,1970-07-08T06:10:30+09:00
1970,liqiu,1970-08-08T06:54:06.000Z,1970-08-08T15:54:06+09:00
1970,bailu,1970-09-08T09:37:52.999Z,1970-09-08T18:37:52+09:00
1970,hanlu,1970-10-09T01:01:32.000Z,1970-10-09T10:01:32+09:00
1970,lidong,1970-11-08T03:57:43.000Z,1970-11-08T12:57:43+09:00
1970,daxue,1970-12-07T20:37:19.000Z,1970-12-08T05:37:19+09:00
1970,xiaohan,1971-01-06T07:45:05.999Z,1971-01-06T16:45:05+09:00
1971,lichun,1971-02-04T19:25:25.000Z,1971-02-05T04:25:25+09:00
1971,jingzhe,1971-03-06T13:34:43.999Z,1971-03-06T22:34:43+09:00
1971,qingming,1971-04-05T18:35:59.999Z,1971-04-06T03:35:59+09:00
1971,lixia,1971-05-06T12:08:08.000Z,1971-05-06T21:08:08+09:00
1971,mangzhong,1971-06-06T16:28:51.000Z,1971-06-07T01:28:51+09:00
1971,xiaoshu,1971-07-08T02:51:06.999Z,1971-07-08T11:51:06+09:00
1971,liqiu,1971-08-08T12:40:11.999Z,1971-08-08T21:40:11+09:00
1971,bailu,1971-09-08T15:30:11.999Z,1971-09-09T00:30:11+09:00
1971,hanlu,1971-10-09T06:58:34.000Z,1971-10-09T15:58:34+09:00
1971,lidong,1971-11-08T09:56:37.000Z,1971-11-08T18:56:37+09:00
1971,daxue,1971-12-08T02:35:41.999Z,1971-12-08T11:35:41+09:00
1971,xiaohan,1972-01-06T13:41:50.000Z,1972-01-06T22:41:50+09:00
1972,lichun,1972-02-05T01:20:13.000Z,1972-02-05T10:20:13+09:00
1972,jingzhe,1972-03-05T19:28:03.999Z,1972-03-06T04:28:03+09:00
1972,qingming,1972-04-05T00:28:49.999Z,1972-04-05T09:28:49+09:00
1972,lixia,1972-05-05T18:01:09.999Z,1972-05-06T03:01:09+09:00
1972,mangzhong,1972-06-05T22:21:58.999Z,1972-06-06T07:21:58+09:00
1972,xiaoshu,1972-07-07T08:42:53.000Z,1972-07-07T17:42:53+09:00
1972,liqiu,1972-08-07T18:28:28.999Z,1972-08-08T03:28:28+09:00
1972,bailu,1972-09-07T21:15:05.999Z,1972-09-08T06:15:05+09:00
1972,hanlu,1972-10-08T12:41:45.000Z,1972-10-08T21:41:45+09:00
1972,lidong,1972-11-07T15:39:23.000Z,1972-11-08T00:39:23+09:00
1972,daxue,1972-12-07T08:18:42.000Z,1972-12-07T17:18:42+09:00
1972,xiaohan,1973-01-05T19:25:18.999Z,1973-01-06T04:25:18+09:00
1973,lichun,1973-02-04T07:04:11.999Z,1973-02-04T16:04:11+09:00
1973,jingzhe,1973-03-06T01:12:35.999Z,1973-03-06T10:12:35+09:00
1973,qingming,1973-04-05T06:13:52.999Z,1973-04-05T15:13:52+09:00
1973,lixia,1973-05-05T23:46:23.000Z,1973-05-06T08:46:23+09:00
1973,mangzhong,1973-06-06T04:06:50.000Z,1973-06-06T13:06:50+09:00
1973,xiaoshu,1973-07-07T14:27:21.000Z,1973-07-07T23:27:21+09:00
1973,liqiu,1973-08-08T00:12:48.000Z,1973-08-08T09:12:48+09:00
1973,bailu,1973-09-08T02:59:23.999Z,1973-09-08T11:59:23+09:00
1973,hanlu,1973-10-08T18:27:14.999Z,1973-10-09T03:27:14+09:00
1973,lidong,1973-11-07T21:27:38.000Z,1973-11-08T06:27:38+09:00
1973,daxue,1973-12-07T14:10:23.000Z,1973-12-07T23:10:23+09:00
1973,xiaohan,1974-01-06T01:19:54.999Z,1974-01-06T10:19:54+09:00
1974,lichun,1974-02-04T13:00:04.999Z,1974-02-04T22:00:04+09:00
1974,jingzhe,1974-03-06T07:07:06.000Z,1974-03-06T16:07:06+09:00
1974,qingming,1974-04-05T12:04:59.999Z,1974-04-05T21:04:59+09:00
1974,lixia,1974-05-06T05:33:52.000Z,1974-05-06T14:33:52+09:00
1974,mangzhong,1974-06-06T09:51:39.000Z,1974-06-06T18:51:39+09:00
1974,xiaoshu,1974-07-07T20:11:05.999Z,1974-07-08T05:11:05+09:00
1974,liqiu,1974-08-08T05:57:09.999Z,1974-08-08T14:57:09+09:00
1974,bailu,1974-09-08T08:45:03.999Z,1974-09-08T17:45:03+09:00
1974,hanlu,1974-10-09T00:14:39.000Z,1974-10-09T09:14:39+09:00
1974,lidong,1974-11-08T03:17:57.999Z,1974-11-08T12:17:57+09:00
1974,daxue,1974-12-07T20:04:36.999Z,1974-12-08T05:04:36+09:00
1974,xiaohan,1975-01-06T07:17:30.000Z,1975-01-06T16:17:30+09:00
1975,lichun,1975-02-04T18:59:12.000Z,1975-02-05T03:59:12+09:00
1975,jingzhe,1975-03-06T13:05:46.999Z,1975-03-06T22:05:46+09:00
1975,qingming,1975-04-05T18:01:29.999Z,1975-04-06T03:01:29+09:00
1975,lixia,1975-05-06T11:27:11.000Z,1975-05-06T20:27:11+09:00
1975,mangzhong,1975-06-06T15:42:01.000Z,1975-06-07T00:42:01+09:00
1975,xiaoshu,1975-07-08T01:59:24.000Z,1975-07-08T10:59:24+09:00
1975,liqiu,1975-08-08T11:44:53.000Z,1975-08-08T20:44:53+09:00
1975,bailu,1975-09-08T14:33:17.000Z,1975-09-08T23:33:17+09:00
1975,hanlu,1975-10-09T06:02:04.000Z,1975-10-09T15:02:04+09:00
1975,lidong,1975-11-08T09:02:35.999Z,1975-11-08T18:02:35+09:00
1975,daxue,1975-12-08T01:46:09.000Z,1975-12-08T10:46:09+09:00
1975,xiaohan,1976-01-06T12:57:21.999Z,1976-01-06T21:57:21+09:00
1976,lichun,1976-02-05T00:39:27.999Z,1976-02-05T09:39:27+09:00
1976,jingzhe,1976-03-05T18:48:05.999Z,1976-03-06T03:48:05+09:00
1976,qingming,1976-04-04T23:46:26.999Z,1976-04-05T08:46:26+09:00
1976,lixia,1976-05-05T17:14:23.999Z,1976-05-06T02:14:23+09:00
1976,mangzhong,1976-06-05T21:31:13.000Z,1976-06-06T06:31:13+09:00
1976,xiaoshu,1976-07-07T07:50:50.000Z,1976-07-07T16:50:50+09:00
1976,liqiu,1976-08-07T17:38:21.000Z,1976-08-08T02:38:21+09:00
1976,bailu,1976-09-07T20:28:12.000Z,1976-09-08T05:28:12+09:00
1976,hanlu,1976-10-08T11:58:02.999Z,1976-10-08T20:58:02+09:00
1976,lidong,1976-11-07T14:58:33.999Z,1976-11-07T23:58:33+09:00
1976,daxue,1976-12-07T07:40:55.999Z,1976-12-07T16:40:55+09:00
1976,xiaohan,1977-01-05T18:51:03.000Z,1977-01-06T03:51:03+09:00
1977,lichun,1977-02-04T06:33:24.999Z,1977-02-04T15:33:24+09:00
1977,jingzhe,1977-03-06T00:44:08.999Z,1977-03-06T09:44:08+09:00
1977,qingming,1977-04-05T05:45:44.000Z,1977-04-05T14:45:44+09:00
1977,lixia,1977-05-05T23:15:59.999Z,1977-05-06T08:15:59+09:00
1977,mangzhong,1977-06-06T03:32:01.000Z,1977-06-06T12:32:01+09:00
1977,xiaoshu,1977-07-07T13:47:52.000Z,1977-07-07T22:47:52+09:00
1977,liqiu,1977-08-07T23:30:13.999Z,1977-08-08T08:30:13+09:00
1977,bailu,1977-09-08T02:15:41.000Z,1977-09-08T11:15:41+09:00
1977,hanlu,1977-10-08T17:43:55.999Z,1977-10-09T02:43:55+09:00
1977,lidong,1977-11-07T20:45:48.999Z,1977-11-08T05:45:48+09:00
1977,daxue,1977-12-07T13:30:49.000Z,1977-12-07T22:30:49+09:00
1977,xiaohan,1978-01-06T00:43:11.999Z,1978-01-06T09:43:11+09:00
1978,lichun,1978-02-04T12:26:57.000Z,1978-02-04T21:26:57+09:00
1978,jingzhe,1978-03-06T06:38:11.000Z,1978-03-06T15:38:11+09:00
1978,qingming,1978-04-05T11:39:20.000Z,1978-04-05T20:39:20+09:00
1978,lixia,1978-05-06T05:08:32.000Z,1978-05-06T14:08:32+09:00
1978,mangzhong,1978-06-06T09:23:05.000Z,1978-06-06T18:23:05+09:00
1978,xiaoshu,1978-07-07T19:36:56.999Z,1978-07-08T04:36:56+09:00
1978,liqiu,1978-08-08T05:17:40.000Z,1978-08-08T14:17:40+09:00
1978,bailu,1978-09-08T08:02:23.999Z,1978-09-08T17:02:23+09:00
1978,hanlu,1978-10-08T23:30:54.000Z,1978-10-09T08:30:54+09:00
1978,lidong,1978-11-08T02:34:01.000Z,1978-11-08T11:34:01+09:00
1978,daxue,1978-12-07T19:20:00.999Z,1978-12-08T04:20:00+09:00
1978,xiaohan,1979-01-06T06:31:32.999Z,1979-01-06T15:31:32+09:00
1979,lichun,1979-02-04T18:12:17.999Z,1979-02-05T03:12:17+09:00
1979,jingzhe,1979-03-06T12:19:38.000Z,1979-03-06T21:19:38+09:00
1979,qingming,1979-04-05T17:17:57.000Z,1979-04-06T02:17:57+09:00
1979,lixia,1979-05-06T10:47:10.000Z,1979-05-06T19:47:10+09:00
1979,mangzhong,1979-06-06T15:05:11.000Z,1979-06-07T00:05:11+09:00
1979,xiaoshu,1979-07-08T01:24:36.999Z,1979-07-08T10:24:36+09:00
1979,liqiu,1979-08-08T11:10:53.000Z,1979-08-08T20:10:53+09:00
1979,bailu,1979-09-08T13:59:45.000Z,1979-09-08T22:59:45+09:00
1979,hanlu,1979-10-09T05:30:02.000Z,1979-10-09T14:30:02+09:00
1979,lidong,1979-11-08T08:32:47.000Z,1979-11-08T17:32:47+09:00
1979,daxue,1979-12-08T01:17:47.999Z,1979-12-08T10:17:47+09:00
1979,xiaohan,1980-01-06T12:28:53.000Z,1980-01-06T21:28:53+09:00
1980,lichun,1980-02-05T00:09:28.000Z,1980-02-05T09:09:28+09:00
1980,jingzhe,1980-03-05T18:16:28.999Z,1980-03-06T03:16:28+09:00
1980,qingming,1980-04-04T23:14:42.000Z,1980-04-05T08:14:42+09:00
1980,lixia,1980-05-05T16:44:27.999Z,1980-05-06T01:44:27+09:00
1980,mangzhong,1980-06-05T21:03:43.999Z,1980-06-06T06:03:43+09:00
1980,xiaoshu,1980-07-07T07:23:56.000Z,1980-07-07T16:23:56+09:00
1980,liqiu,1980-08-07T17:08:29.999Z,1980-08-08T02:08:29+09:00
1980,bailu,1980-09-07T19:53:27.000Z,1980-09-08T04:53:27+09:00
1980,hanlu,1980-10-08T11:19:13.999Z,1980-10-08T20:19:13+09:00
1980,lidong,1980-11-07T14:18:12.999Z,1980-11-07T23:18:12+09:00
1980,daxue,1980-12-07T07:01:14.999Z,1980-12-07T16:01:14+09:00
1980,xiaohan,1981-01-05T18:12:37.999Z,1981-01-06T03:12:37+09:00
1981,lichun,1981-02-04T05:55:23.000Z,1981-02-04T14:55:23+09:00
1981,jingzhe,1981-03-06T00:05:06.999Z,1981-03-06T09:05:06+09:00
1981,qingming,1981-04-05T05:05:01.999Z,1981-04-05T14:05:01+09:00
1981,lixia,1981-05-05T22:34:47.000Z,1981-05-06T07:34:47+09:00
1981,mangzhong,1981-06-06T02:52:39.000Z,1981-06-06T11:52:39+09:00
1981,xiaoshu,1981-07-07T13:11:51.999Z,1981-07-07T22:11:51+09:00
1981,liqiu,1981-08-07T22:57:09.000Z,1981-08-08T07:57:09+09:00
1981,bailu,1981-09-08T01:43:13.000Z,1981-09-08T10:43:13+09:00
1981,hanlu,1981-10-08T17:09:32.000Z,1981-10-09T02:09:32+09:00
1981,lidong,1981-11-07T20:08:28.999Z,1981-11-08T05:08:28+09:00
1981,daxue,1981-12-07T12:51:15.000Z,1981-12-07T21:51:15+09:00
1981,xiaohan,1982-01-06T00:02:35.000Z,1982-01-06T09:02:35+09:00
1982,lichun,1982-02-04T11:45:27.999Z,1982-02-04T20:45:27+09:00
1982,jingzhe,1982-03-06T05:54:33.999Z,1982-03-06T14:54:33+09:00
1982,qingming,1982-04-05T10:52:40.999Z,1982-04-05T19:52:40+09:00
1982,lixia,1982-05-06T04:19:59.000Z,1982-05-06T13:19:59+09:00
1982,mangzhong,1982-06-06T08:35:53.000Z,1982-06-06T17:35:53+09:00
1982,xiaoshu,1982-07-07T18:54:35.000Z,1982-07-08T03:54:35+09:00
1982,liqiu,1982-08-08T04:41:44.999Z,1982-08-08T13:41:44+09:00
1982,bailu,1982-09-08T07:31:43.000Z,1982-09-08T16:31:43+09:00
1982,hanlu,1982-10-08T23:02:08.999Z,1982-10-09T08:02:08+09:00
1982,lidong,1982-11-08T02:04:06.000Z,1982-11-08T11:04:06+09:00
1982,daxue,1982-12-07T18:48:05.000Z,1982-12-08T03:48:05+09:00
1982,xiaohan,1983-01-06T05:58:41.999Z,1983-01-06T14:58:41+09:00
1983,lichun,1983-02-04T17:39:42.000Z,1983-02-05T02:39:42+09:00
1983,jingzhe,1983-03-06T11:47:11.999Z,1983-03-06T20:47:11+09:00
1983,qingming,1983-04-05T16:44:22.999Z,1983-04-06T01:44:22+09:00
1983,lixia,1983-05-06T10:10:50.999Z,1983-05-06T19:10:50+09:00
1983,mangzhong,1983-06-06T14:25:42.000Z,1983-06-06T23:25:42+09:00
1983,xiaoshu,1983-07-08T00:43:13.000Z,1983-07-08T09:43:13+09:00
1983,liqiu,1983-08-08T10:29:37.000Z,1983-08-08T19:29:37+09:00
1983,bailu,1983-09-08T13:20:03.000Z,1983-09-08T22:20:03+09:00
1983,hanlu,1983-10-09T04:51:03.999Z,1983-10-09T13:51:03+09:00
1983,lidong,1983-11-08T07:52:12.000Z,1983-11-08T16:52:12+09:00
1983,daxue,1983-12-08T00:33:39.999Z,1983-12-08T09:33:39+09:00
1983,xiaohan,1984-01-06T11:40:50.999Z,1984-01-06T20:40:50+09:00
1984,lichun,1984-02-04T23:18:43.999Z,1984-02-05T08:18:43+09:00
1984,jingzhe,1984-03-05T17:24:38.999Z,1984-03-06T02:24:38+09:00
1984,qingming,1984-04-04T22:22:20.000Z,1984-04-05T07:22:20+09:00
1984,lixia,1984-05-05T15:50:56.999Z,1984-05-06T00:50:56+09:00
1984,mangzhong,1984-06-05T20:08:36.999Z,1984-06-06T05:08:36+09:00
1984,xiaoshu,1984-07-07T06:29:05.999Z,1984-07-07T15:29:05+09:00
1984,liqiu,1984-08-07T16:17:53.000Z,1984-08-08T01:17:53+09:00
1984,bailu,1984-09-07T19:09:50.000Z,1984-09-08T04:09:50+09:00
1984,hanlu,1984-10-08T10:42:35.000Z,1984-10-08T19:42:35+09:00
1984,lidong,1984-11-07T13:45:32.000Z,1984-11-07T22:45:32+09:00
1984,daxue,1984-12-07T06:28:03.000Z,1984-12-07T15:28:03+09:00
1984,xiaohan,1985-01-05T17:35:04.999Z,1985-01-06T02:35:04+09:00
1985,lichun,1985-02-04T05:11:47.000Z,1985-02-04T14:11:47+09:00
1985,jingzhe,1985-03-05T23:16:21.000Z,1985-03-06T08:16:21+09:00
1985,qingming,1985-04-05T04:13:34.999Z,1985-04-05T13:13:34+09:00
1985,lixia,1985-05-05T21:42:31.999Z,1985-05-06T06:42:31+09:00
1985,mangzhong,1985-06-06T01:59:55.999Z,1985-06-06T10:59:55+09:00
1985,xiaoshu,1985-07-07T12:18:34.999Z,1985-07-07T21:18:34+09:00
1985,liqiu,1985-08-07T22:04:16.000Z,1985-08-08T07:04:16+09:00
1985,bailu,1985-09-08T00:53:01.000Z,1985-09-08T09:53:01+09:00
1985,hanlu,1985-10-08T16:24:33.000Z,1985-10-09T01:24:33+09:00
1985,lidong,1985-11-07T19:29:29.000Z,1985-11-08T04:29:29+09:00
1985,daxue,1985-12-07T12:16:20.999Z,1985-12-07T21:16:20+09:00
1985,xiaohan,1986-01-05T23:28:01.999Z,1986-01-06T08:28:01+09:00
1986,lichun,1986-02-04T11:07:42.000Z,1986-02-04T20:07:42+09:00
1986,jingzhe,1986-03-06T05:12:08.000Z,1986-03-06T14:12:08+09:00
1986,qingming,1986-04-05T10:06:07.000Z,1986-04-05T19:06:07+09:00
1986,lixia,1986-05-06T03:30:36.000Z,1986-05-06T12:30:36+09:00
1986,mangzhong,1986-06-06T07:44:22.999Z,1986-06-06T16:44:22+09:00
1986,xiaoshu,1986-07-07T18:00:44.999Z,1986-07-08T03:00:44+09:00
1986,liqiu,1986-08-08T03:45:36.000Z,1986-08-08T12:45:36+09:00
1986,bailu,1986-09-08T06:34:36.999Z,1986-09-08T15:34:36+09:00
1986,hanlu,1986-10-08T22:06:45.000Z,1986-10-09T07:06:45+09:00
1986,lidong,1986-11-08T01:12:48.999Z,1986-11-08T10:12:48+09:00
1986,daxue,1986-12-07T18:00:56.000Z,1986-12-08T03:00:56+09:00
1986,xiaohan,1987-01-06T05:13:00.000Z,1987-01-06T14:13:00+09:00
1987,lichun,1987-02-04T16:51:39.999Z,1987-02-05T01:51:39+09:00
1987,jingzhe,1987-03-06T10:53:36.999Z,1987-03-06T19:53:36+09:00
1987,qingming,1987-04-05T15:44:08.000Z,1987-04-06T00:44:08+09:00
1987,lixia,1987-05-06T09:05:34.999Z,1987-05-06T18:05:34+09:00
1987,mangzhong,1987-06-06T13:18:58.000Z,1987-06-06T22:18:58+09:00
1987,xiaoshu,1987-07-07T23:38:38.999Z,1987-07-08T08:38:38+09:00
1987,liqiu,1987-08-08T09:29:12.999Z,1987-08-08T18:29:12+09:00
1987,bailu,1987-09-08T12:24:06.999Z,1987-09-08T21:24:06+09:00
1987,hanlu,1987-10-09T03:59:40.000Z,1987-10-09T12:59:40+09:00
1987,lidong,1987-11-08T07:05:39.999Z,1987-11-08T16:05:39+09:00
1987,daxue,1987-12-07T23:52:12.000Z,1987-12-08T08:52:12+09:00
1987,xiaohan,1988-01-06T11:03:30.000Z,1988-01-06T20:03:30+09:00
1988,lichun,1988-02-04T22:42:49.000Z,1988-02-05T07:42:49+09:00
1988,jingzhe,1988-03-05T16:46:32.000Z,1988-03-06T01:46:32+09:00
1988,qingming,1988-04-04T21:39:03.999Z,1988-04-05T06:39:03+09:00
1988,lixia,1988-05-05T15:01:43.000Z,1988-05-06T00:01:43+09:00
1988,mangzhong,1988-06-05T19:14:53.000Z,1988-06-06T04:14:53+09:00
1988,xiaoshu,1988-07-07T05:32:54.000Z,1988-07-07T14:32:54+09:00
1988,liqiu,1988-08-07T15:20:15.000Z,1988-08-08T00:20:15+09:00
1988,bailu,1988-09-07T18:11:30.999Z,1988-09-08T03:11:30+09:00
1988,hanlu,1988-10-08T09:44:30.000Z,1988-10-08T18:44:30+09:00
1988,lidong,1988-11-07T12:48:55.000Z,1988-11-07T21:48:55+09:00
1988,daxue,1988-12-07T05:34:27.999Z,1988-12-07T14:34:27+09:00
1988,xiaohan,1989-01-05T16:45:55.000Z,1989-01-06T01:45:55+09:00
1989,lichun,1989-02-04T04:27:09.000Z,1989-02-04T13:27:09+09:00
1989,jingzhe,1989-03-05T22:34:07.999Z,1989-03-06T07:34:07+09:00
1989,qingming,1989-04-05T03:29:54.000Z,1989-04-05T12:29:54+09:00
1989,lixia,1989-05-05T20:53:55.000Z,1989-05-06T05:53:55+09:00
1989,mangzhong,1989-06-06T01:05:13.000Z,1989-06-06T10:05:13+09:00
1989,xiaoshu,1989-07-07T11:19:25.000Z,1989-07-07T20:19:25+09:00
1989,liqiu,1989-08-07T21:03:51.999Z,1989-08-08T06:03:51+09:00
1989,bailu,1989-09-07T23:53:53.000Z,1989-09-08T08:53:53+09:00
1989,hanlu,1989-10-08T15:27:19.000Z,1989-10-09T00:27:19+09:00
1989,lidong,1989-11-07T18:33:31.999Z,1989-11-08T03:33:31+09:00
1989,daxue,1989-12-07T11:20:56.999Z,1989-12-07T20:20:56+09:00
1989,xiaohan,1990-01-05T22:33:13.999Z,1990-01-06T07:33:13+09:00
1990,lichun,1990-02-04T10:14:00.000Z,1990-02-04T19:14:00+09:00
1990,jingzhe,1990-03-06T04:19:17.999Z,1990-03-06T13:19:17+09:00
1990,qingming,1990-04-05T09:12:56.000Z,1990-04-05T18:12:56+09:00
1990,lixia,1990-05-06T02:35:25.999Z,1990-05-06T11:35:25+09:00
1990,mangzhong,1990-06-06T06:46:18.000Z,1990-06-06T15:46:18+09:00
1990,xiaoshu,1990-07-07T17:00:27.999Z,1990-07-08T02:00:27+09:00
1990,liqiu,1990-08-08T02:45:32.000Z,1990-08-08T11:45:32+09:00
1990,bailu,1990-09-08T05:37:28.000Z,1990-09-08T14:37:28+09:00
1990,hanlu,1990-10-08T21:13:49.000Z,1990-10-09T06:13:49+09:00
1990,lidong,1990-11-08T00:23:29.999Z,1990-11-08T09:23:29+09:00
1990,daxue,1990-12-07T17:14:09.999Z,1990-12-08T02:14:09+09:00
1990,xiaohan,1991-01-06T04:28:07.000Z,1991-01-06T13:28:07+09:00
1991,lichun,1991-02-04T16:08:23.999Z,1991-02-05T01:08:23+09:00
1991,jingzhe,1991-03-06T10:12:14.999Z,1991-03-06T19:12:14+09:00
1991,qingming,1991-04-05T15:04:41.999Z,1991-04-06T00:04:41+09:00
1991,lixia,1991-05-06T08:26:52.999Z,1991-05-06T17:26:52+09:00
1991,mangzhong,1991-06-06T12:38:17.000Z,1991-06-06T21:38:17+09:00
1991,xiaoshu,1991-07-07T22:52:59.000Z,1991-07-08T07:52:59+09:00
1991,liqiu,1991-08-08T08:37:15.000Z,1991-08-08T17:37:15+09:00
1991,bailu,1991-09-08T11:27:21.000Z,1991-09-08T20:27:21+09:00
1991,hanlu,1991-10-09T03:01:06.999Z,1991-10-09T12:01:06+09:00
1991,lidong,1991-11-08T06:07:49.999Z,1991-11-08T15:07:49+09:00
1991,daxue,1991-12-07T22:55:59.999Z,1991-12-08T07:55:59+09:00
1991,xiaohan,1992-01-06T10:08:30.999Z,1992-01-06T19:08:30+09:00
1992,lichun,1992-02-04T21:48:17.000Z,1992-02-05T06:48:17+09:00
1992,jingzhe,1992-03-05T15:52:08.000Z,1992-03-06T00:52:08+09:00
1992,qingming,1992-04-04T20:45:08.000Z,1992-04-05T05:45:08+09:00
1992,lixia,1992-05-05T14:08:40.000Z,1992-05-05T23:08:40+09:00
1992,mangzhong,1992-06-05T18:22:19.000Z,1992-06-06T03:22:19+09:00
1992,xiaoshu,1992-07-07T04:40:15.000Z,1992-07-07T13:40:15+09:00
1992,liqiu,1992-08-07T14:27:23.999Z,1992-08-07T23:27:23+09:00
1992,bailu,1992-09-07T17:18:20.000Z,1992-09-08T02:18:20+09:00
1992,hanlu,1992-10-08T08:51:28.999Z,1992-10-08T17:51:28+09:00
1992,lidong,1992-11-07T11:57:01.999Z,1992-11-07T20:57:01+09:00
1992,daxue,1992-12-07T04:44:12.000Z,1992-12-07T13:44:12+09:00
1992,xiaohan,1993-01-05T15:56:30.999Z,1993-01-06T00:56:30+09:00
1993,lichun,1993-02-04T03:37:09.000Z,1993-02-04T12:37:09+09:00
1993,jingzhe,1993-03-05T21:42:31.999Z,1993-03-06T06:42:31+09:00
1993,qingming,1993-04-05T02:37:10.999Z,1993-04-05T11:37:10+09:00
1993,lixia,1993-05-05T20:01:43.000Z,1993-05-06T05:01:43+09:00
1993,mangzhong,1993-06-06T00:15:12.999Z,1993-06-06T09:15:12+09:00
1993,xiaoshu,1993-07-07T10:32:01.999Z,1993-07-07T19:32:01+09:00
1993,liqiu,1993-08-07T20:17:58.000Z,1993-08-08T05:17:58+09:00
1993,bailu,1993-09-07T23:07:47.000Z,1993-09-08T08:07:47+09:00
1993,hanlu,1993-10-08T14:40:01.999Z,1993-10-08T23:40:01+09:00
1993,lidong,1993-11-07T17:45:32.999Z,1993-11-08T02:45:32+09:00
1993,daxue,1993-12-07T10:33:49.000Z,1993-12-07T19:33:49+09:00
1993,xiaohan,1994-01-05T21:48:06.999Z,1994-01-06T06:48:06+09:00
1994,lichun,1994-02-04T09:30:55.999Z,1994-02-04T18:30:55+09:00
1994,jingzhe,1994-03-06T03:37:42.000Z,1994-03-06T12:37:42+09:00
1994,qingming,1994-04-05T08:31:48.000Z,1994-04-05T17:31:48+09:00
1994,lixia,1994-05-06T01:54:05.000Z,1994-05-06T10:54:05+09:00
1994,mangzhong,1994-06-06T06:04:51.999Z,1994-06-06T15:04:51+09:00
1994,xiaoshu,1994-07-07T16:19:22.000Z,1994-07-08T01:19:22+09:00
1994,liqiu,1994-08-08T02:04:22.000Z,1994-08-08T11:04:22+09:00
1994,bailu,1994-09-08T04:55:06.999Z,1994-09-08T13:55:06+09:00
1994,hanlu,1994-10-08T20:29:05.000Z,1994-10-09T05:29:05+09:00
1994,lidong,1994-11-07T23:35:36.000Z,1994-11-08T08:35:36+09:00
1994,daxue,1994-12-07T16:22:52.999Z,1994-12-08T01:22:52+09:00
1994,xiaohan,1995-01-06T03:34:05.000Z,1995-01-06T12:34:05+09:00
1995,lichun,1995-02-04T15:12:51.000Z,1995-02-05T00:12:51+09:00
1995,jingzhe,1995-03-06T09:16:04.000Z,1995-03-06T18:16:04+09:00
1995,qingming,1995-04-05T14:08:05.999Z,1995-04-05T23:08:05+09:00
1995,lixia,1995-05-06T07:30:02.999Z,1995-05-06T16:30:02+09:00
1995,mangzhong,1995-06-06T11:42:27.999Z,1995-06-06T20:42:27+09:00
1995,xiaoshu,1995-07-07T22:00:59.999Z,1995-07-08T07:00:59+09:00
1995,liqiu,1995-08-08T07:51:44.000Z,1995-08-08T16:51:44+09:00
1995,bailu,1995-09-08T10:48:33.999Z,1995-09-08T19:48:33+09:00
1995,hanlu,1995-10-09T02:27:12.000Z,1995-10-09T11:27:12+09:00
1995,lidong,1995-11-08T05:35:34.999Z,1995-11-08T14:35:34+09:00
1995,daxue,1995-12-07T22:22:14.999Z,1995-12-08T07:22:14+09:00
1995,xiaohan,1996-01-06T09:31:26.999Z,1996-01-06T18:31:26+09:00
1996,lichun,1996-02-04T21:07:54.000Z,1996-02-05T06:07:54+09:00
1996,jingzhe,1996-03-05T15:09:38.999Z,1996-03-06T00:09:38+09:00
1996,qingming,1996-04-04T20:02:01.000Z,1996-04-05T05:02:01+09:00
1996,lixia,1996-05-05T13:26:02.000Z,1996-05-05T22:26:02+09:00
1996,mangzhong,1996-06-05T17:40:47.000Z,1996-06-06T02:40:47+09:00
1996,xiaoshu,1996-07-07T03:59:59.999Z,1996-07-07T12:59:59+09:00
1996,liqiu,1996-08-07T13:48:48.999Z,1996-08-07T22:48:48+09:00
1996,bailu,1996-09-07T16:42:24.999Z,1996-09-08T01:42:24+09:00
1996,hanlu,1996-10-08T08:18:42.000Z,1996-10-08T17:18:42+09:00
1996,lidong,1996-11-07T11:26:32.999Z,1996-11-07T20:26:32+09:00
1996,daxue,1996-12-07T04:14:00.000Z,1996-12-07T13:14:00+09:00
1996,xiaohan,1997-01-05T15:24:28.000Z,1997-01-06T00:24:28+09:00
1997,lichun,1997-02-04T03:01:57.000Z,1997-02-04T12:01:57+09:00
1997,jingzhe,1997-03-05T21:04:06.999Z,1997-03-06T06:04:06+09:00
1997,qingming,1997-04-05T01:56:15.999Z,1997-04-05T10:56:15+09:00
1997,lixia,1997-05-05T19:19:26.000Z,1997-05-06T04:19:26+09:00
1997,mangzhong,1997-06-05T23:32:31.000Z,1997-06-06T08:32:31+09:00
1997,xiaoshu,1997-07-07T09:49:22.999Z,1997-07-07T18:49:22+09:00
1997,liqiu,1997-08-07T19:36:18.000Z,1997-08-08T04:36:18+09:00
1997,bailu,1997-09-07T22:28:48.999Z,1997-09-08T07:28:48+09:00
1997,hanlu,1997-10-08T14:05:09.999Z,1997-10-08T23:05:09+09:00
1997,lidong,1997-11-07T17:14:37.999Z,1997-11-08T02:14:37+09:00
1997,daxue,1997-12-07T10:04:52.000Z,1997-12-07T19:04:52+09:00
1997,xiaohan,1998-01-05T21:18:09.000Z,1998-01-06T06:18:09+09:00
1998,lichun,1998-02-04T08:56:52.000Z,1998-02-04T17:56:52+09:00
1998,jingzhe,1998-03-06T02:57:15.000Z,1998-03-06T11:57:15+09:00
1998,qingming,1998-04-05T07:44:57.000Z,1998-04-05T16:44:57+09:00
1998,lixia,1998-05-06T01:03:10.000Z,1998-05-06T10:03:10+09:00
1998,mangzhong,1998-06-06T05:13:22.000Z,1998-06-06T14:13:22+09:00
1998,xiaoshu,1998-07-07T15:30:24.999Z,1998-07-08T00:30:24+09:00
1998,liqiu,1998-08-08T01:19:50.000Z,1998-08-08T10:19:50+09:00
1998,bailu,1998-09-08T04:15:54.999Z,1998-09-08T13:15:54+09:00
1998,hanlu,1998-10-08T19:55:44.999Z,1998-10-09T04:55:44+09:00
1998,lidong,1998-11-07T23:08:22.999Z,1998-11-08T08:08:22+09:00
1998,daxue,1998-12-07T16:01:34.999Z,1998-12-08T01:01:34+09:00
1998,xiaohan,1999-01-06T03:17:09.000Z,1999-01-06T12:17:09+09:00
1999,lichun,1999-02-04T14:57:02.999Z,1999-02-04T23:57:02+09:00
1999,jingzhe,1999-03-06T08:57:41.999Z,1999-03-06T17:57:41+09:00
1999,qingming,1999-04-05T13:44:36.999Z,1999-04-05T22:44:36+09:00
1999,lixia,1999-05-06T07:00:59.999Z,1999-05-06T16:00:59+09:00
1999,mangzhong,1999-06-06T11:09:06.999Z,1999-06-06T20:09:06+09:00
1999,xiaoshu,1999-07-07T21:24:58.999Z,1999-07-08T06:24:58+09:00
1999,liqiu,1999-08-08T07:14:05.999Z,1999-08-08T16:14:05+09:00
1999,bailu,1999-09-08T10:09:58.999Z,1999-09-08T19:09:58+09:00
1999,hanlu,1999-10-09T01:48:20.999Z,1999-10-09T10:48:20+09:00
1999,lidong,1999-11-08T04:57:50.999Z,1999-11-08T13:57:50+09:00
1999,daxue,1999-12-07T21:47:27.000Z,1999-12-08T06:47:27+09:00
1999,xiaohan,2000-01-06T09:00:42.000Z,2000-01-06T18:00:42+09:00
2000,lichun,2000-02-04T20:40:23.999Z,2000-02-05T05:40:23+09:00
2000,jingzhe,2000-03-05T14:42:40.000Z,2000-03-05T23:42:40+09:00
2000,qingming,2000-04-04T19:31:58.000Z,2000-04-05T04:31:58+09:00
2000,lixia,2000-05-05T12:50:10.000Z,2000-05-05T21:50:10+09:00
2000,mangzhong,2000-06-05T16:58:33.999Z,2000-06-06T01:58:33+09:00
2000,xiaoshu,2000-07-07T03:13:56.000Z,2000-07-07T12:13:56+09:00
2000,liqiu,2000-08-07T13:02:58.999Z,2000-08-07T22:02:58+09:00
2000,bailu,2000-09-07T15:59:10.000Z,2000-09-08T00:59:10+09:00
2000,hanlu,2000-10-08T07:38:12.999Z,2000-10-08T16:38:12+09:00
2000,lidong,2000-11-07T10:48:03.999Z,2000-11-07T19:48:03+09:00
2000,daxue,2000-12-07T03:37:02.000Z,2000-12-07T12:37:02+09:00
2000,xiaohan,2001-01-05T14:49:15.999Z,2001-01-05T23:49:15+09:00
2001,lichun,2001-02-04T02:28:49.000Z,2001-02-04T11:28:49+09:00
2001,jingzhe,2001-03-05T20:32:27.999Z,2001-03-06T05:32:27+09:00
2001,qingming,2001-04-05T01:24:21.999Z,2001-04-05T10:24:21+09:00
2001,lixia,2001-05-05T18:44:50.000Z,2001-05-06T03:44:50+09:00
2001,mangzhong,2001-06-05T22:53:35.000Z,2001-06-06T07:53:35+09:00
2001,xiaoshu,2001-07-07T09:06:41.999Z,2001-07-07T18:06:41+09:00
2001,liqiu,2001-08-07T18:52:20.999Z,2001-08-08T03:52:20+09:00
2001,bailu,2001-09-07T21:46:11.000Z,2001-09-08T06:46:11+09:00
2001,hanlu,2001-10-08T13:25:01.000Z,2001-10-08T22:25:01+09:00
2001,lidong,2001-11-07T16:36:52.000Z,2001-11-08T01:36:52+09:00
2001,daxue,2001-12-07T09:28:53.000Z,2001-12-07T18:28:53+09:00
2001,xiaohan,2002-01-05T20:43:30.000Z,2002-01-06T05:43:30+09:00
2002,lichun,2002-02-04T08:24:04.999Z,2002-02-04T17:24:04+09:00
2002,jingzhe,2002-03-06T02:27:33.000Z,2002-03-06T11:27:33+09:00
2002,qingming,2002-04-05T07:18:16.999Z,2002-04-05T16:18:16+09:00
2002,lixia,2002-05-06T00:37:18.000Z,2002-05-06T09:37:18+09:00
2002,mangzhong,2002-06-06T04:44:45.999Z,2002-06-06T13:44:45+09:00
2002,xiaoshu,2002-07-07T14:56:10.999Z,2002-07-07T23:56:10+09:00
2002,liqiu,2002-08-08T00:39:18.000Z,2002-08-08T09:39:18+09:00
2002,bailu,2002-09-08T03:31:01.999Z,2002-09-08T12:31:01+09:00
2002,hanlu,2002-10-08T19:09:18.000Z,2002-10-09T04:09:18+09:00
2002,lidong,2002-11-07T22:21:49.000Z,2002-11-08T07:21:49+09:00
2002,daxue,2002-12-07T15:14:13.999Z,2002-12-08T00:14:13+09:00
2002,xiaohan,2003-01-06T02:27:43.000Z,2003-01-06T11:27:43+09:00
2003,lichun,2003-02-04T14:05:20.000Z,2003-02-04T23:05:20+09:00
2003,jingzhe,2003-03-06T08:04:51.999Z,2003-03-06T17:04:51+09:00
2003,qingming,2003-04-05T12:52:29.000Z,2003-04-05T21:52:29+09:00
2003,lixia,2003-05-06T06:10:29.000Z,2003-05-06T15:10:29+09:00
2003,mangzhong,2003-06-06T10:19:43.000Z,2003-06-06T19:19:43+09:00
2003,xiaoshu,2003-07-07T20:35:38.999Z,2003-07-08T05:35:38+09:00
2003,liqiu,2003-08-08T06:24:18.000Z,2003-08-08T15:24:18+09:00
2003,bailu,2003-09-08T09:20:14.000Z,2003-09-08T18:20:14+09:00
2003,hanlu,2003-10-09T01:00:33.000Z,2003-10-09T10:00:33+09:00
2003,lidong,2003-11-08T04:13:11.000Z,2003-11-08T13:13:11+09:00
2003,daxue,2003-12-07T21:05:09.000Z,2003-12-08T06:05:09+09:00
2003,xiaohan,2004-01-06T08:18:33.000Z,2004-01-06T17:18:33+09:00
2004,lichun,2004-02-04T19:56:12.999Z,2004-02-05T04:56:12+09:00
2004,jingzhe,2004-03-05T13:55:37.999Z,2004-03-05T22:55:37+09:00
2004,qingming,2004-04-04T18:43:18.999Z,2004-04-05T03:43:18+09:00
2004,lixia,2004-05-05T12:02:28.000Z,2004-05-05T21:02:28+09:00
2004,mangzhong,2004-06-05T16:13:46.000Z,2004-06-06T01:13:46+09:00
2004,xiaoshu,2004-07-07T02:31:16.000Z,2004-07-07T11:31:16+09:00
2004,liqiu,2004-08-07T12:19:36.000Z,2004-08-07T21:19:36+09:00
2004,bailu,2004-09-07T15:12:54.999Z,2004-09-08T00:12:54+09:00
2004,hanlu,2004-10-08T06:49:18.000Z,2004-10-08T15:49:18+09:00
2004,lidong,2004-11-07T09:58:33.000Z,2004-11-07T18:58:33+09:00
2004,daxue,2004-12-07T02:48:57.000Z,2004-12-07T11:48:57+09:00
2004,xiaohan,2005-01-05T14:02:59.000Z,2005-01-05T23:02:59+09:00
2005,lichun,2005-02-04T01:43:01.999Z,2005-02-04T10:43:01+09:00
2005,jingzhe,2005-03-05T19:45:10.000Z,2005-03-06T04:45:10+09:00
2005,qingming,2005-04-05T00:34:16.999Z,2005-04-05T09:34:16+09:00
2005,lixia,2005-05-05T17:52:49.999Z,2005-05-06T02:52:49+09:00
2005,mangzhong,2005-06-05T22:01:51.999Z,2005-06-06T07:01:51+09:00
2005,xiaoshu,2005-07-07T08:16:34.000Z,2005-07-07T17:16:34+09:00
2005,liqiu,2005-08-07T18:03:20.999Z,2005-08-08T03:03:20+09:00
2005,bailu,2005-09-07T20:56:39.999Z,2005-09-08T05:56:39+09:00
2005,hanlu,2005-10-08T12:33:17.999Z,2005-10-08T21:33:17+09:00
2005,lidong,2005-11-07T15:42:25.999Z,2005-11-08T00:42:25+09:00
2005,daxue,2005-12-07T08:32:40.999Z,2005-12-07T17:32:40+09:00
2005,xiaohan,2006-01-05T19:46:56.999Z,2006-01-06T04:46:56+09:00
2006,lichun,2006-02-04T07:27:16.000Z,2006-02-04T16:27:16+09:00
2006,jingzhe,2006-03-06T01:28:39.999Z,2006-03-06T10:28:39+09:00
2006,qingming,2006-04-05T06:15:31.000Z,2006-04-05T15:15:31+09:00
2006,lixia,2006-05-05T23:30:39.000Z,2006-05-06T08:30:39+09:00
2006,mangzhong,2006-06-06T03:36:58.999Z,2006-06-06T12:36:58+09:00
2006,xiaoshu,2006-07-07T13:51:27.000Z,2006-07-07T22:51:27+09:00
2006,liqiu,2006-08-07T23:40:47.000Z,2006-08-08T08:40:47+09:00
2006,bailu,2006-09-08T02:39:00.999Z,2006-09-08T11:39:00+09:00
2006,hanlu,2006-10-08T18:21:23.000Z,2006-10-09T03:21:23+09:00
2006,lidong,2006-11-07T21:34:51.000Z,2006-11-08T06:34:51+09:00
2006,daxue,2006-12-07T14:26:49.000Z,2006-12-07T23:26:49+09:00
2006,xiaohan,2007-01-06T01:40:09.999Z,2007-01-06T10:40:09+09:00
2007,lichun,2007-02-04T13:18:12.000Z,2007-02-04T22:18:12+09:00
2007,jingzhe,2007-03-06T07:17:59.000Z,2007-03-06T16:17:59+09:00
2007,qingming,2007-04-05T12:04:39.000Z,2007-04-05T21:04:39+09:00
2007,lixia,2007-05-06T05:20:24.000Z,2007-05-06T14:20:24+09:00
2007,mangzhong,2007-06-06T09:27:04.000Z,2007-06-06T18:27:04+09:00
2007,xiaoshu,2007-07-07T19:41:44.000Z,2007-07-08T04:41:44+09:00
2007,liqiu,2007-08-08T05:31:14.999Z,2007-08-08T14:31:14+09:00
2007,bailu,2007-09-08T08:29:28.999Z,2007-09-08T17:29:28+09:00
2007,hanlu,2007-10-09T00:11:29.000Z,2007-10-09T09:11:29+09:00
2007,lidong,2007-11-08T03:24:00.999Z,2007-11-08T12:24:00+09:00
2007,daxue,2007-12-07T20:14:05.000Z,2007-12-08T05:14:05+09:00
2007,xiaohan,2008-01-06T07:24:49.999Z,2008-01-06T16:24:49+09:00
2008,lichun,2008-02-04T19:00:24.000Z,2008-02-05T04:00:24+09:00
2008,jingzhe,2008-03-05T12:58:48.000Z,2008-03-05T21:58:48+09:00
2008,qingming,2008-04-04T17:45:52.000Z,2008-04-05T02:45:52+09:00
2008,lixia,2008-05-05T11:03:25.999Z,2008-05-05T20:03:25+09:00
2008,mangzhong,2008-06-05T15:11:44.000Z,2008-06-06T00:11:44+09:00
2008,xiaoshu,2008-07-07T01:26:48.999Z,2008-07-07T10:26:48+09:00
2008,liqiu,2008-08-07T11:16:09.999Z,2008-08-07T20:16:09+09:00
2008,bailu,2008-09-07T14:14:08.000Z,2008-09-07T23:14:08+09:00
2008,hanlu,2008-10-08T05:56:38.000Z,2008-10-08T14:56:38+09:00
2008,lidong,2008-11-07T09:10:33.999Z,2008-11-07T18:10:33+09:00
2008,daxue,2008-12-07T02:02:17.999Z,2008-12-07T11:02:17+09:00
2008,xiaohan,2009-01-05T13:14:08.000Z,2009-01-05T22:14:08+09:00
2009,lichun,2009-02-04T00:49:48.000Z,2009-02-04T09:49:48+09:00
2009,jingzhe,2009-03-05T18:47:30.999Z,2009-03-06T03:47:30+09:00
2009,qingming,2009-04-04T23:33:47.000Z,2009-04-05T08:33:47+09:00
2009,lixia,2009-05-05T16:50:50.000Z,2009-05-06T01:50:50+09:00
2009,mangzhong,2009-06-05T20:59:03.999Z,2009-06-06T05:59:03+09:00
2009,xiaoshu,2009-07-07T07:13:28.999Z,2009-07-07T16:13:28+09:00
2009,liqiu,2009-08-07T17:01:09.000Z,2009-08-08T02:01:09+09:00
2009,bailu,2009-09-07T19:57:36.999Z,2009-09-08T04:57:36+09:00
2009,hanlu,2009-10-08T11:40:04.000Z,2009-10-08T20:40:04+09:00
2009,lidong,2009-11-07T14:56:16.000Z,2009-11-07T23:56:16+09:00
2009,daxue,2009-12-07T07:52:14.000Z,2009-12-07T16:52:14+09:00
2009,xiaohan,2010-01-05T19:08:46.999Z,2010-01-06T04:08:46+09:00
2010,lichun,2010-02-04T06:47:50.999Z,2010-02-04T15:47:50+09:00
2010,jingzhe,2010-03-06T00:46:21.999Z,2010-03-06T09:46:21+09:00
2010,qingming,2010-04-05T05:30:29.999Z,2010-04-05T14:30:29+09:00
2010,lixia,2010-05-05T22:44:02.000Z,2010-05-06T07:44:02+09:00
2010,mangzhong,2010-06-06T02:49:23.999Z,2010-06-06T11:49:23+09:00
2010,xiaoshu,2010-07-07T13:02:23.000Z,2010-07-07T22:02:23+09:00
2010,liqiu,2010-08-07T22:49:07.000Z,2010-08-08T07:49:07+09:00
2010,bailu,2010-09-08T01:44:41.000Z,2010-09-08T10:44:41+09:00
2010,hanlu,2010-10-08T17:26:29.000Z,2010-10-09T02:26:29+09:00
2010,lidong,2010-11-07T20:42:29.999Z,2010-11-08T05:42:29+09:00
2010,daxue,2010-12-07T13:38:23.000Z,2010-12-07T22:38:23+09:00
2010,xiaohan,2011-01-06T00:54:37.000Z,2011-01-06T09:54:37+09:00
2011,lichun,2011-02-04T12:32:55.999Z,2011-02-04T21:32:55+09:00
2011,jingzhe,2011-03-06T06:29:59.000Z,2011-03-06T15:29:59+09:00
2011,qingming,2011-04-05T11:11:59.000Z,2011-04-05T20:11:59+09:00
2011,lixia,2011-05-06T04:23:12.999Z,2011-05-06T13:23:12+09:00
2011,mangzhong,2011-06-06T08:27:20.000Z,2011-06-06T17:27:20+09:00
2011,xiaoshu,2011-07-07T18:42:00.000Z,2011-07-08T03:42:00+09:00
2011,liqiu,2011-08-08T04:33:26.000Z,2011-08-08T13:33:26+09:00
2011,bailu,2011-09-08T07:34:13.999Z,2011-09-08T16:34:13+09:00
2011,hanlu,2011-10-08T23:19:05.999Z,2011-10-09T08:19:05+09:00
2011,lidong,2011-11-08T02:34:55.999Z,2011-11-08T11:34:55+09:00
2011,daxue,2011-12-07T19:29:00.000Z,2011-12-08T04:29:00+09:00
2011,xiaohan,2012-01-06T06:43:54.999Z,2012-01-06T15:43:54+09:00
2012,lichun,2012-02-04T18:22:23.999Z,2012-02-05T03:22:23+09:00
2012,jingzhe,2012-03-05T12:21:02.999Z,2012-03-05T21:21:02+09:00
2012,qingming,2012-04-04T17:05:36.999Z,2012-04-05T02:05:36+09:00
2012,lixia,2012-05-05T10:19:41.000Z,2012-05-05T19:19:41+09:00
2012,mangzhong,2012-06-05T14:25:53.999Z,2012-06-05T23:25:53+09:00
2012,xiaoshu,2012-07-07T00:40:42.999Z,2012-07-07T09:40:42+09:00
2012,liqiu,2012-08-07T10:30:32.999Z,2012-08-07T19:30:32+09:00
2012,bailu,2012-09-07T13:29:00.999Z,2012-09-07T22:29:00+09:00
2012,hanlu,2012-10-08T05:11:42.999Z,2012-10-08T14:11:42+09:00
2012,lidong,2012-11-07T08:25:57.000Z,2012-11-07T17:25:57+09:00
2012,daxue,2012-12-07T01:18:55.999Z,2012-12-07T10:18:55+09:00
2012,xiaohan,2013-01-05T12:33:37.999Z,2013-01-05T21:33:37+09:00
2013,lichun,2013-02-04T00:13:25.000Z,2013-02-04T09:13:25+09:00
2013,jingzhe,2013-03-05T18:14:50.999Z,2013-03-06T03:14:50+09:00
2013,qingming,2013-04-04T23:02:26.999Z,2013-04-05T08:02:26+09:00
2013,lixia,2013-05-05T16:18:09.999Z,2013-05-06T01:18:09+09:00
2013,mangzhong,2013-06-05T20:23:18.999Z,2013-06-06T05:23:18+09:00
2013,xiaoshu,2013-07-07T06:34:36.000Z,2013-07-07T15:34:36+09:00
2013,liqiu,2013-08-07T16:20:21.999Z,2013-08-08T01:20:21+09:00
2013,bailu,2013-09-07T19:16:16.000Z,2013-09-08T04:16:16+09:00
2013,hanlu,2013-10-08T10:58:30.000Z,2013-10-08T19:58:30+09:00
2013,lidong,2013-11-07T14:13:53.000Z,2013-11-07T23:13:53+09:00
2013,daxue,2013-12-07T07:08:31.999Z,2013-12-07T16:08:31+09:00
2013,xiaohan,2014-01-05T18:24:11.000Z,2014-01-06T03:24:11+09:00
2014,lichun,2014-02-04T06:03:15.999Z,2014-02-04T15:03:15+09:00
2014,jingzhe,2014-03-06T00:02:15.999Z,2014-03-06T09:02:15+09:00
2014,qingming,2014-04-05T04:46:40.000Z,2014-04-05T13:46:40+09:00
2014,lixia,2014-05-05T21:59:26.000Z,2014-05-06T06:59:26+09:00
2014,mangzhong,2014-06-06T02:03:01.999Z,2014-06-06T11:03:01+09:00
2014,xiaoshu,2014-07-07T12:14:45.999Z,2014-07-07T21:14:45+09:00
2014,liqiu,2014-08-07T22:02:27.999Z,2014-08-08T07:02:27+09:00
2014,bailu,2014-09-08T01:01:25.000Z,2014-09-08T10:01:25+09:00
2014,hanlu,2014-10-08T16:47:30.000Z,2014-10-09T01:47:30+09:00
2014,lidong,2014-11-07T20:06:40.000Z,2014-11-08T05:06:40+09:00
2014,daxue,2014-12-07T13:04:04.999Z,2014-12-07T22:04:04+09:00
2014,xiaohan,2015-01-06T00:20:31.999Z,2015-01-06T09:20:31+09:00
2015,lichun,2015-02-04T11:58:26.999Z,2015-02-04T20:58:26+09:00
2015,jingzhe,2015-03-06T05:55:40.000Z,2015-03-06T14:55:40+09:00
2015,qingming,2015-04-05T10:39:07.000Z,2015-04-05T19:39:07+09:00
2015,lixia,2015-05-06T03:52:35.999Z,2015-05-06T12:52:35+09:00
2015,mangzhong,2015-06-06T07:58:10.000Z,2015-06-06T16:58:10+09:00
2015,xiaoshu,2015-07-07T18:12:14.999Z,2015-07-08T03:12:14+09:00
2015,liqiu,2015-08-08T04:01:24.000Z,2015-08-08T13:01:24+09:00
2015,bailu,2015-09-08T06:59:34.000Z,2015-09-08T15:59:34+09:00
2015,hanlu,2015-10-08T22:42:49.000Z,2015-10-09T07:42:49+09:00
2015,lidong,2015-11-08T01:58:36.999Z,2015-11-08T10:58:36+09:00
2015,daxue,2015-12-07T18:53:21.000Z,2015-12-08T03:53:21+09:00
2015,xiaohan,2016-01-06T06:08:23.000Z,2016-01-06T15:08:23+09:00
2016,lichun,2016-02-04T17:46:02.999Z,2016-02-05T02:46:02+09:00
2016,jingzhe,2016-03-05T11:43:33.000Z,2016-03-05T20:43:33+09:00
2016,qingming,2016-04-04T16:27:31.000Z,2016-04-05T01:27:31+09:00
2016,lixia,2016-05-05T09:41:53.000Z,2016-05-05T18:41:53+09:00
2016,mangzhong,2016-06-05T13:48:30.000Z,2016-06-05T22:48:30+09:00
2016,xiaoshu,2016-07-07T00:03:20.999Z,2016-07-07T09:03:20+09:00
2016,liqiu,2016-08-07T09:53:01.000Z,2016-08-07T18:53:01+09:00
2016,bailu,2016-09-07T12:51:04.999Z,2016-09-07T21:51:04+09:00
2016,hanlu,2016-10-08T04:33:22.999Z,2016-10-08T13:33:22+09:00
2016,lidong,2016-11-07T07:47:40.999Z,2016-11-07T16:47:40+09:00
2016,daxue,2016-12-07T00:41:07.000Z,2016-12-07T09:41:07+09:00
2016,xiaohan,2017-01-05T11:55:45.000Z,2017-01-05T20:55:45+09:00
2017,lichun,2017-02-03T23:34:03.999Z,2017-02-04T08:34:03+09:00
2017,jingzhe,2017-03-05T17:32:42.999Z,2017-03-06T02:32:42+09:00
2017,qingming,2017-04-04T22:17:18.999Z,2017-04-05T07:17:18+09:00
2017,lixia,2017-05-05T15:31:01.999Z,2017-05-06T00:31:01+09:00
2017,mangzhong,2017-06-05T19:36:35.999Z,2017-06-06T04:36:35+09:00
2017,xiaoshu,2017-07-07T05:50:42.000Z,2017-07-07T14:50:42+09:00
2017,liqiu,2017-08-07T15:40:01.000Z,2017-08-08T00:40:01+09:00
2017,bailu,2017-09-07T18:38:38.000Z,2017-09-08T03:38:38+09:00
2017,hanlu,2017-10-08T10:22:09.000Z,2017-10-08T19:22:09+09:00
2017,lidong,2017-11-07T13:37:48.999Z,2017-11-07T22:37:48+09:00
2017,daxue,2017-12-07T06:32:38.999Z,2017-12-07T15:32:38+09:00
2017,xiaohan,2018-01-05T17:48:45.000Z,2018-01-06T02:48:45+09:00
2018,lichun,2018-02-04T05:28:29.999Z,2018-02-04T14:28:29+09:00
2018,jingzhe,2018-03-05T23:28:11.000Z,2018-03-06T08:28:11+09:00
2018,qingming,2018-04-05T04:12:47.000Z,2018-04-05T13:12:47+09:00
2018,lixia,2018-05-05T21:25:21.999Z,2018-05-06T06:25:21+09:00
2018,mangzhong,2018-06-06T01:29:08.999Z,2018-06-06T10:29:08+09:00
2018,xiaoshu,2018-07-07T11:41:52.999Z,2018-07-07T20:41:52+09:00
2018,liqiu,2018-08-07T21:30:39.999Z,2018-08-08T06:30:39+09:00
2018,bailu,2018-09-08T00:29:41.999Z,2018-09-08T09:29:41+09:00
2018,hanlu,2018-10-08T16:14:42.999Z,2018-10-09T01:14:42+09:00
2018,lidong,2018-11-07T19:31:44.999Z,2018-11-08T04:31:44+09:00
2018,daxue,2018-12-07T12:25:55.000Z,2018-12-07T21:25:55+09:00
2018,xiaohan,2019-01-05T23:38:58.000Z,2019-01-06T08:38:58+09:00
2019,lichun,2019-02-04T11:14:21.000Z,2019-02-04T20:14:21+09:00
2019,jingzhe,2019-03-06T05:09:46.000Z,2019-03-06T14:09:46+09:00
2019,qingming,2019-04-05T09:51:27.999Z,2019-04-05T18:51:27+09:00
2019,lixia,2019-05-06T03:02:48.000Z,2019-05-06T12:02:48+09:00
2019,mangzhong,2019-06-06T07:06:25.999Z,2019-06-06T16:06:25+09:00
2019,xiaoshu,2019-07-07T17:20:33.000Z,2019-07-08T02:20:33+09:00
2019,liqiu,2019-08-08T03:13:05.000Z,2019-08-08T12:13:05+09:00
2019,bailu,2019-09-08T06:16:54.000Z,2019-09-08T15:16:54+09:00
2019,hanlu,2019-10-08T22:05:39.999Z,2019-10-09T07:05:39+09:00
2019,lidong,2019-11-08T01:24:24.000Z,2019-11-08T10:24:24+09:00
2019,daxue,2019-12-07T18:18:30.000Z,2019-12-08T03:18:30+09:00
2019,xiaohan,2020-01-06T05:30:05.999Z,2020-01-06T14:30:05+09:00
2020,lichun,2020-02-04T17:03:18.999Z,2020-02-05T02:03:18+09:00
2020,jingzhe,2020-03-05T10:56:51.999Z,2020-03-05T19:56:51+09:00
2020,qingming,2020-04-04T15:38:09.000Z,2020-04-05T00:38:09+09:00
2020,lixia,2020-05-05T08:51:22.999Z,2020-05-05T17:51:22+09:00
2020,mangzhong,2020-06-05T12:58:26.000Z,2020-06-05T21:58:26+09:00
2020,xiaoshu,2020-07-06T23:14:28.000Z,2020-07-07T08:14:28+09:00
2020,liqiu,2020-08-07T09:06:10.999Z,2020-08-07T18:06:10+09:00
2020,bailu,2020-09-07T12:08:02.000Z,2020-09-07T21:08:02+09:00
2020,hanlu,2020-10-08T03:55:15.999Z,2020-10-08T12:55:15+09:00
2020,lidong,2020-11-07T07:13:55.000Z,2020-11-07T16:13:55+09:00
2020,daxue,2020-12-07T00:09:30.000Z,2020-12-07T09:09:30+09:00
2020,xiaohan,2021-01-05T11:23:25.999Z,2021-01-05T20:23:25+09:00
2021,lichun,2021-02-03T22:58:48.000Z,2021-02-04T07:58:48+09:00
2021,jingzhe,2021-03-05T16:53:42.000Z,2021-03-06T01:53:42+09:00
2021,qingming,2021-04-04T21:35:06.999Z,2021-04-05T06:35:06+09:00
2021,lixia,2021-05-05T14:47:10.999Z,2021-05-05T23:47:10+09:00
2021,mangzhong,2021-06-05T18:52:05.999Z,2021-06-06T03:52:05+09:00
2021,xiaoshu,2021-07-07T05:05:28.999Z,2021-07-07T14:05:28+09:00
2021,liqiu,2021-08-07T14:53:57.999Z,2021-08-07T23:53:57+09:00
2021,bailu,2021-09-07T17:52:56.000Z,2021-09-08T02:52:56+09:00
2021,hanlu,2021-10-08T09:39:03.000Z,2021-10-08T18:39:03+09:00
2021,lidong,2021-11-07T12:58:46.999Z,2021-11-07T21:58:46+09:00
2021,daxue,2021-12-07T05:57:06.000Z,2021-12-07T14:57:06+09:00
2021,xiaohan,2022-01-05T17:14:03.999Z,2022-01-06T02:14:03+09:00
2022,lichun,2022-02-04T04:50:46.999Z,2022-02-04T13:50:46+09:00
2022,jingzhe,2022-03-05T22:43:44.999Z,2022-03-06T07:43:44+09:00
2022,qingming,2022-04-05T03:20:14.000Z,2022-04-05T12:20:14+09:00
2022,lixia,2022-05-05T20:25:57.000Z,2022-05-06T05:25:57+09:00
2022,mangzhong,2022-06-06T00:25:49.000Z,2022-06-06T09:25:49+09:00
2022,xiaoshu,2022-07-07T10:38:01.000Z,2022-07-07T19:38:01+09:00
2022,liqiu,2022-08-07T20:29:07.999Z,2022-08-08T05:29:07+09:00
2022,bailu,2022-09-07T23:32:18.000Z,2022-09-08T08:32:18+09:00
2022,hanlu,2022-10-08T15:22:28.000Z,2022-10-09T00:22:28+09:00
2022,lidong,2022-11-07T18:45:29.999Z,2022-11-08T03:45:29+09:00
2022,daxue,2022-12-07T11:46:16.000Z,2022-12-07T20:46:16+09:00
2022,xiaohan,2023-01-05T23:04:51.000Z,2023-01-06T08:04:51+09:00
2023,lichun,2023-02-04T10:42:33.000Z,2023-02-04T19:42:33+09:00
2023,jingzhe,2023-03-06T04:36:13.999Z,2023-03-06T13:36:13+09:00
2023,qingming,2023-04-05T09:13:04.000Z,2023-04-05T18:13:04+09:00
2023,lixia,2023-05-06T02:18:45.999Z,2023-05-06T11:18:45+09:00
2023,mangzhong,2023-06-06T06:18:20.999Z,2023-06-06T15:18:20+09:00
2023,xiaoshu,2023-07-07T16:30:41.000Z,2023-07-08T01:30:41+09:00
2023,liqiu,2023-08-08T02:22:53.000Z,2023-08-08T11:22:53+09:00
2023,bailu,2023-09-08T05:26:43.000Z,2023-09-08T14:26:43+09:00
2023,hanlu,2023-10-08T21:15:34.000Z,2023-10-09T06:15:34+09:00
2023,lidong,2023-11-08T00:35:35.000Z,2023-11-08T09:35:35+09:00
2023,daxue,2023-12-07T17:32:55.000Z,2023-12-08T02:32:55+09:00
2023,xiaohan,2024-01-06T04:49:22.000Z,2024-01-06T13:49:22+09:00
2024,lichun,2024-02-04T16:27:07.000Z,2024-02-05T01:27:07+09:00
2024,jingzhe,2024-03-05T10:22:44.999Z,2024-03-05T19:22:44+09:00
2024,qingming,2024-04-04T15:02:16.999Z,2024-04-05T00:02:16+09:00
2024,lixia,2024-05-05T08:10:04.999Z,2024-05-05T17:10:04+09:00
2024,mangzhong,2024-06-05T12:09:53.999Z,2024-06-05T21:09:53+09:00
2024,xiaoshu,2024-07-06T22:20:03.000Z,2024-07-07T07:20:03+09:00
2024,liqiu,2024-08-07T08:09:16.000Z,2024-08-07T17:09:16+09:00
2024,bailu,2024-09-07T11:11:19.999Z,2024-09-07T20:11:19+09:00
2024,hanlu,2024-10-08T02:59:57.000Z,2024-10-08T11:59:57+09:00
2024,lidong,2024-11-07T06:20:03.999Z,2024-11-07T15:20:03+09:00
2024,daxue,2024-12-06T23:17:03.000Z,2024-12-07T08:17:03+09:00
2024,xiaohan,2025-01-05T10:32:47.000Z,2025-01-05T19:32:47+09:00
2025,lichun,2025-02-03T22:10:28.000Z,2025-02-04T07:10:28+09:00
2025,jingzhe,2025-03-05T16:07:17.999Z,2025-03-06T01:07:17+09:00
2025,qingming,2025-04-04T20:48:36.000Z,2025-04-05T05:48:36+09:00
2025,lixia,2025-05-05T13:57:12.999Z,2025-05-05T22:57:12+09:00
2025,mangzhong,2025-06-05T17:56:32.000Z,2025-06-06T02:56:32+09:00
2025,xiaoshu,2025-07-07T04:04:59.000Z,2025-07-07T13:04:59+09:00
2025,liqiu,2025-08-07T13:51:35.000Z,2025-08-07T22:51:35+09:00
2025,bailu,2025-09-07T16:51:57.000Z,2025-09-08T01:51:57+09:00
2025,hanlu,2025-10-08T08:41:12.999Z,2025-10-08T17:41:12+09:00
2025,lidong,2025-11-07T12:04:04.000Z,2025-11-07T21:04:04+09:00
2025,daxue,2025-12-07T05:04:36.999Z,2025-12-07T14:04:36+09:00
2025,xiaohan,2026-01-05T16:23:10.000Z,2026-01-06T01:23:10+09:00
2026,lichun,2026-02-04T04:02:08.000Z,2026-02-04T13:02:08+09:00
2026,jingzhe,2026-03-05T21:58:59.999Z,2026-03-06T06:58:59+09:00
2026,qingming,2026-04-05T02:39:59.999Z,2026-04-05T11:39:59+09:00
2026,lixia,2026-05-05T19:48:44.000Z,2026-05-06T04:48:44+09:00
2026,mangzhong,2026-06-05T23:48:21.000Z,2026-06-06T08:48:21+09:00
2026,xiaoshu,2026-07-07T09:56:57.000Z,2026-07-07T18:56:57+09:00
2026,liqiu,2026-08-07T19:42:43.000Z,2026-08-08T04:42:43+09:00
2026,bailu,2026-09-07T22:41:15.999Z,2026-09-08T07:41:15+09:00
2026,hanlu,2026-10-08T14:29:17.000Z,2026-10-08T23:29:17+09:00
2026,lidong,2026-11-07T17:52:05.000Z,2026-11-08T02:52:05+09:00
2026,daxue,2026-12-07T10:52:31.999Z,2026-12-07T19:52:31+09:00
2026,xiaohan,2027-01-05T22:09:58.000Z,2027-01-06T07:09:58+09:00
2027,lichun,2027-02-04T09:46:18.000Z,2027-02-04T18:46:18+09:00
2027,jingzhe,2027-03-06T03:39:33.000Z,2027-03-06T12:39:33+09:00
2027,qingming,2027-04-05T08:17:30.999Z,2027-04-05T17:17:30+09:00
2027,lixia,2027-05-06T01:25:11.999Z,2027-05-06T10:25:11+09:00
2027,mangzhong,2027-06-06T05:25:47.999Z,2027-06-06T14:25:47+09:00
2027,xiaoshu,2027-07-07T15:37:03.000Z,2027-07-08T00:37:03+09:00
2027,liqiu,2027-08-08T01:26:46.000Z,2027-08-08T10:26:46+09:00
2027,bailu,2027-09-08T04:28:28.000Z,2027-09-08T13:28:28+09:00
2027,hanlu,2027-10-08T20:17:06.000Z,2027-10-09T05:17:06+09:00
2027,lidong,2027-11-07T23:38:35.000Z,2027-11-08T08:38:35+09:00
2027,daxue,2027-12-07T16:37:40.999Z,2027-12-08T01:37:40+09:00
2027,xiaohan,2028-01-06T03:54:38.999Z,2028-01-06T12:54:38+09:00
2028,lichun,2028-02-04T15:31:13.000Z,2028-02-05T00:31:13+09:00
2028,jingzhe,2028-03-05T09:24:46.999Z,2028-03-05T18:24:46+09:00
2028,qingming,2028-04-04T14:03:06.000Z,2028-04-04T23:03:06+09:00
2028,lixia,2028-05-05T07:12:11.999Z,2028-05-05T16:12:11+09:00
2028,mangzhong,2028-06-05T11:15:59.999Z,2028-06-05T20:15:59+09:00
2028,xiaoshu,2028-07-06T21:30:17.999Z,2028-07-07T06:30:17+09:00
2028,liqiu,2028-08-07T07:21:11.000Z,2028-08-07T16:21:11+09:00
2028,bailu,2028-09-07T10:22:10.000Z,2028-09-07T19:22:10+09:00
2028,hanlu,2028-10-08T02:08:31.000Z,2028-10-08T11:08:31+09:00
2028,lidong,2028-11-07T05:27:15.999Z,2028-11-07T14:27:15+09:00
2028,daxue,2028-12-06T22:24:41.000Z,2028-12-07T07:24:41+09:00
2028,xiaohan,2029-01-05T09:41:54.999Z,2029-01-05T18:41:54+09:00
2029,lichun,2029-02-03T21:20:46.999Z,2029-02-04T06:20:46+09:00
2029,jingzhe,2029-03-05T15:17:36.999Z,2029-03-06T00:17:36+09:00
2029,qingming,2029-04-04T19:58:24.000Z,2029-04-05T04:58:24+09:00
2029,lixia,2029-05-05T13:07:45.999Z,2029-05-05T22:07:45+09:00
2029,mangzhong,2029-06-05T17:09:57.999Z,2029-06-06T02:09:57+09:00
2029,xiaoshu,2029-07-07T03:22:22.999Z,2029-07-07T12:22:22+09:00
2029,liqiu,2029-08-07T13:11:43.999Z,2029-08-07T22:11:43+09:00
2029,bailu,2029-09-07T16:11:54.000Z,2029-09-08T01:11:54+09:00
2029,hanlu,2029-10-08T07:58:08.000Z,2029-10-08T16:58:08+09:00
2029,lidong,2029-11-07T11:16:45.999Z,2029-11-07T20:16:45+09:00
2029,daxue,2029-12-07T04:13:48.000Z,2029-12-07T13:13:48+09:00
2029,xiaohan,2030-01-05T15:30:33.999Z,2030-01-06T00:30:33+09:00
2030,lichun,2030-02-04T03:08:27.999Z,2030-02-04T12:08:27+09:00
2030,jingzhe,2030-03-05T21:03:18.000Z,2030-03-06T06:03:18+09:00
2030,qingming,2030-04-05T01:41:00.999Z,2030-04-05T10:41:00+09:00
2030,lixia,2030-05-05T18:46:18.000Z,2030-05-06T03:46:18+09:00
2030,mangzhong,2030-06-05T22:44:29.999Z,2030-06-06T07:44:29+09:00
2030,xiaoshu,2030-07-07T08:55:28.999Z,2030-07-07T17:55:28+09:00
2030,liqiu,2030-08-07T18:47:20.000Z,2030-08-08T03:47:20+09:00
2030,bailu,2030-09-07T21:52:49.999Z,2030-09-08T06:52:49+09:00
2030,hanlu,2030-10-08T13:45:17.000Z,2030-10-08T22:45:17+09:00
2030,lidong,2030-11-07T17:08:43.999Z,2030-11-08T02:08:43+09:00
2030,daxue,2030-12-07T10:07:37.000Z,2030-12-07T19:07:37+09:00
2030,xiaohan,2031-01-05T21:23:08.999Z,2031-01-06T06:23:08+09:00
2031,lichun,2031-02-04T08:58:18.999Z,2031-02-04T17:58:18+09:00
2031,jingzhe,2031-03-06T02:51:03.000Z,2031-03-06T11:51:03+09:00
2031,qingming,2031-04-05T07:28:23.999Z,2031-04-05T16:28:23+09:00
2031,lixia,2031-05-06T00:35:12.000Z,2031-05-06T09:35:12+09:00
2031,mangzhong,2031-06-06T04:35:41.999Z,2031-06-06T13:35:41+09:00
2031,xiaoshu,2031-07-07T14:48:51.000Z,2031-07-07T23:48:51+09:00
2031,liqiu,2031-08-08T00:42:55.999Z,2031-08-08T09:42:55+09:00
2031,bailu,2031-09-08T03:50:11.000Z,2031-09-08T12:50:11+09:00
2031,hanlu,2031-10-08T19:42:58.999Z,2031-10-09T04:42:58+09:00
2031,lidong,2031-11-07T23:05:40.000Z,2031-11-08T08:05:40+09:00
2031,daxue,2031-12-07T16:02:53.000Z,2031-12-08T01:02:53+09:00
2031,xiaohan,2032-01-06T03:16:06.999Z,2032-01-06T12:16:06+09:00
2032,lichun,2032-02-04T14:48:59.000Z,2032-02-04T23:48:59+09:00
2032,jingzhe,2032-03-05T08:40:14.999Z,2032-03-05T17:40:14+09:00
2032,qingming,2032-04-04T13:17:36.000Z,2032-04-04T22:17:36+09:00
2032,lixia,2032-05-05T06:25:51.999Z,2032-05-05T15:25:51+09:00
2032,mangzhong,2032-06-05T10:27:59.000Z,2032-06-05T19:27:59+09:00
2032,xiaoshu,2032-07-06T20:40:54.000Z,2032-07-07T05:40:54+09:00
2032,liqiu,2032-08-07T06:32:44.000Z,2032-08-07T15:32:44+09:00
2032,bailu,2032-09-07T09:37:55.000Z,2032-09-07T18:37:55+09:00
2032,hanlu,2032-10-08T01:30:24.999Z,2032-10-08T10:30:24+09:00
2032,lidong,2032-11-07T04:54:16.999Z,2032-11-07T13:54:16+09:00
2032,daxue,2032-12-06T21:53:19.999Z,2032-12-07T06:53:19+09:00
2032,xiaohan,2033-01-05T09:08:07.000Z,2033-01-05T18:08:07+09:00
2033,lichun,2033-02-03T20:41:35.999Z,2033-02-04T05:41:35+09:00
2033,jingzhe,2033-03-05T14:32:21.999Z,2033-03-05T23:32:21+09:00
2033,qingming,2033-04-04T19:08:08.999Z,2033-04-05T04:08:08+09:00
2033,lixia,2033-05-05T12:13:46.999Z,2033-05-05T21:13:46+09:00
2033,mangzhong,2033-06-05T16:13:26.999Z,2033-06-06T01:13:26+09:00
2033,xiaoshu,2033-07-07T02:24:56.999Z,2033-07-07T11:24:56+09:00
2033,liqiu,2033-08-07T12:15:46.000Z,2033-08-07T21:15:46+09:00
2033,bailu,2033-09-07T15:20:22.000Z,2033-09-08T00:20:22+09:00
2033,hanlu,2033-10-08T07:13:56.999Z,2033-10-08T16:13:56+09:00
2033,lidong,2033-11-07T10:41:05.000Z,2033-11-07T19:41:05+09:00
2033,daxue,2033-12-07T03:44:55.999Z,2033-12-07T12:44:55+09:00
2033,xiaohan,2034-01-05T15:04:31.000Z,2034-01-06T00:04:31+09:00
2034,lichun,2034-02-04T02:41:10.000Z,2034-02-04T11:41:10+09:00
2034,jingzhe,2034-03-05T20:32:24.000Z,2034-03-06T05:32:24+09:00
2034,qingming,2034-04-05T01:06:15.000Z,2034-04-05T10:06:15+09:00
2034,lixia,2034-05-05T18:09:09.999Z,2034-05-06T03:09:09+09:00
2034,mangzhong,2034-06-05T22:06:40.999Z,2034-06-06T07:06:40+09:00
2034,xiaoshu,2034-07-07T08:17:38.999Z,2034-07-07T17:17:38+09:00
2034,liqiu,2034-08-07T18:09:07.000Z,2034-08-08T03:09:07+09:00
2034,bailu,2034-09-07T21:13:58.999Z,2034-09-08T06:13:58+09:00
2034,hanlu,2034-10-08T13:07:07.000Z,2034-10-08T22:07:07+09:00
2034,lidong,2034-11-07T16:33:40.000Z,2034-11-08T01:33:40+09:00
2034,daxue,2034-12-07T09:36:49.000Z,2034-12-07T18:36:49+09:00
2034,xiaohan,2035-01-05T20:55:42.999Z,2035-01-06T05:55:42+09:00
2035,lichun,2035-02-04T08:31:34.999Z,2035-02-04T17:31:34+09:00
2035,jingzhe,2035-03-06T02:21:39.000Z,2035-03-06T11:21:39+09:00
2035,qingming,2035-04-05T06:53:52.000Z,2035-04-05T15:53:52+09:00
2035,lixia,2035-05-05T23:54:56.999Z,2035-05-06T08:54:56+09:00
2035,mangzhong,2035-06-06T03:50:49.999Z,2035-06-06T12:50:49+09:00
2035,xiaoshu,2035-07-07T14:01:10.999Z,2035-07-07T23:01:10+09:00
2035,liqiu,2035-08-07T23:54:20.999Z,2035-08-08T08:54:20+09:00
2035,bailu,2035-09-08T03:02:29.999Z,2035-09-08T12:02:29+09:00
2035,hanlu,2035-10-08T18:57:42.000Z,2035-10-09T03:57:42+09:00
2035,lidong,2035-11-07T22:23:51.999Z,2035-11-08T07:23:51+09:00
2035,daxue,2035-12-07T15:25:32.000Z,2035-12-08T00:25:32+09:00
2035,xiaohan,2036-01-06T02:43:32.000Z,2036-01-06T11:43:32+09:00
